PG I,Entry,Feb. 26 2010,2.3
PG II,TeamMember,May 14 2012,1.5
sup I,Supervisor,Oct. 14 2013,5.6
dph I,DepartmentHead,0
PG I,Entry,Feb. 26 2010,2.3
PG II,TeamMember,May 14 2012,1.5
sup I,Supervisor,Oct. 14, 2013,5.6
dph I,DepartmentHead,Feb. 26 2025,0
PG I,Entry,Feb. 26 2010,-2.3
PG II,TeamMember,May 14 2012,1.5
sup I,Supervisor,Oct. 14 2113,5.6
dph I,DepartmentHead,Feb. 26 2025,0
PG I,Entry,Feb. 26 2010,2.3
PG II,TeamMember,May 14 2012,1.5
sup I,Supervisor,Oct. 14 2013,5.6
dph I,DepartmentHead,Feb. 26 2025,0
